{
  "per_length_train": {
    "1": 0.3548387096774194,
    "2": 0.3411764705882353,
    "3": 0.34017595307917886,
    "4": 0.33724340175953077,
    "5": 0.34017595307917886
  },
  "per_length_test": {
    "1": 0.2823529411764706,
    "2": 0.3372093023255814,
    "3": 0.3411764705882353,
    "4": 0.35294117647058826,
    "5": 0.3411764705882353
  }
}