{
  "per_length_train": {
    "1": 0.2668621700879765,
    "2": 0.25588235294117645,
    "3": 0.26099706744868034,
    "4": 0.26392961876832843,
    "5": 0.2668621700879765
  },
  "per_length_test": {
    "1": 0.24705882352941178,
    "2": 0.29069767441860467,
    "3": 0.27058823529411763,
    "4": 0.25882352941176473,
    "5": 0.24705882352941178
  }
}