{
  "per_length_train": {
    "1": 0.3225806451612903,
    "2": 0.3088235294117647,
    "3": 0.31671554252199413,
    "4": 0.31671554252199413,
    "5": 0.3225806451612903
  },
  "per_length_test": {
    "1": 0.3176470588235294,
    "2": 0.37209302325581395,
    "3": 0.3411764705882353,
    "4": 0.3411764705882353,
    "5": 0.3176470588235294
  }
}