{
  "per_length_train": {
    "1": 0.3978021978021978,
    "2": 0.389010989010989,
    "3": 0.3956043956043956,
    "4": 0.40350877192982454,
    "5": 0.3956043956043956
  },
  "per_length_test": {
    "1": 0.39473684210526316,
    "2": 0.4298245614035088,
    "3": 0.40350877192982454,
    "4": 0.37168141592920356,
    "5": 0.40350877192982454
  }
}